pairwise_SNPs	LD_r2	LD_Dprime
rs2975226/rs2652511	0.983738	1.000000
rs2975226/rs2975223	0.931054	0.974853
rs2652511/rs2975223	0.946979	0.975128
rs1800497/rs1079597	0.744638	0.991480
rs6265/rs11030104	0.853926	0.993349
rs6265/rs2049045	0.962549	1.000000
rs6265/rs11030104	0.853926	0.993349
rs6265/rs2049045	0.962549	1.000000
rs11030104/rs2049045	0.821531	0.993098
rs11030104/rs2049045	0.821531	0.993098
rs2049045/rs11030104	0.821531	0.993098
rs11030104/rs2049045	0.821531	0.993098
